Row_Labels,Count_AnimalName
BELLA,112
LUCY,82
MAX,82
BUDDY,79
SADIE,77
DAISY,66
CHARLIE,64
GINGER,60
MOLLY,60
BAILEY,58
JACK,57
LILY,55
ROXY,50
ABBY,49
LUNA,49
ROCKY,49
COOPER,48
MAGGIE,48
BEAR,47
DUKE,45
WILLOW,45
KENAI,44
DENALI,43
SHADOW,41
RILEY,40
CHLOE,39
HARLEY,38
COCO,37
LOKI,37
SOPHIE,36
JAKE,35
KODA,35
RUBY,35
TOBY,35
LUCKY,34
BANDIT,33
LOLA,33
LADY,32
ROSIE,32
TUCKER,30
GRACIE,29
SAM,29
PEPPER,28
PIPER,28
ZOEY,28
DIESEL,27
KODIAK,27
BENTLEY,26
STELLA,26
CODY,25
DAKOTA,25
GUS,25
KONA,25
MISSY,25
MURPHY,25
BLUE,24
JASPER,24
KISKA,24
PENNY,24
SASHA,24
MARLEY,23
OSCAR,23
ANNIE,22
EMMA,22
LILLY,22
RUGER,22
YUKON,22
ZOE,22
BELLE,21
MOCHA,21
OLIVER,21
SAMMY,21
ATHENA,20
BUSTER,20
FINN,20
RAVEN,20
SCOUT,20
KATIE,19
MILO,19
MINNIE,19
NALA,19
PRINCESS,19
RANGER,19
SUGAR,19
WINSTON,19
ZEUS,19
COPPER,18
ELLIE,18
FRANKIE,18
GEORGE,18
GUNNER,18
HENRY,18
CHANCE,17
DEXTER,17
MOOSE,17
SPARKY,17
THOR,17
TITAN,17
AURORA,16
HUNTER,16
JACKSON,16
JAX,16
LEXI,16
MICKEY,16
PEANUT,16
TEDDY,16
ANGEL,15
BAXTER,15
DOZER,15
HOLLY,15
LEO,15
TANK,15
TAZ,15
IZZY,14
JASMINE,14
KING,14
LULU,14
MADDIE,14
MIA,14
OTIS,14
POPPY,14
ROSCOE,14
SAMPSON,14
SCOOTER,14
APOLLO,13
COCOA,13
DESHKA,13
GIZMO,13
HAZEL,13
KOBUK,13
LOUIE,13
MCKINLEY,13
MISTY,13
RIVER,13
SANDY,13
SPIKE,13
SUNNY,13
XENA,13
BABY,12
BO,12
CALLIE,12
CHENA,12
OLIVE,12
ROXIE,12
RYDER,12
SMOKEY,12
BOO,11
BOOMER,11
BRODY,11
BRUTUS,11
BUBBA,11
CALI,11
CASH,11
CHEWY,11
JUNO,11
LUKE,11
MILLIE,11
MOJO,11
OREO,11
PHOEBE,11
RIPLEY,11
SALLY,11
SNICKERS,11
WRIGLEY,11
ZEKE,11
ALLIE,10
ANGUS,10
CHASE,10
COSMO,10
DIXIE,10
HONEY,10
HOPE,10
KARMA,10
MAXIMUS,10
MAYA,10
NELLIE,10
ODIN,10
OLLIE,10
ONYX,10
PATCHES,10
PORTER,10
PRINCE,10
ROMEO,10
RUDY,10
SHEBA,10
SNOOPY,10
STORMY,10
SYDNEY,10
ZIGGY,10
ACE,9
BEAU,9
BENNY,9
CASEY,9
CLEO,9
COOKIE,9
DALLAS,9
DIAMOND,9
DUSTY,9
FRITZ,9
HANK,9
HEIDI,9
HERCULES,9
HOMER,9
JADE,9
KINLEY,9
KOA,9
LAYLA,9
MADDY,9
MIDNIGHT,9
ROCCO,9
RUFUS,9
RUSTY,9
SARGE,9
SIERRA,9
SIMBA,9
SITKA,9
STAR,9
TRIGGER,9
TYSON,9
ARCHIE,8
BRUCE,8
BRUNO,8
CHAMP,8
CINNAMON,8
DOC,8
ELLA,8
GRACE,8
GRIZZLY,8
ISIS,8
JOEY,8
KAI,8
MISHKA,8
NOVA,8
OAKLEY,8
ODIE,8
OLAF,8
REX,8
RIO,8
ROSE,8
SAMANTHA,8
TILLY,8
WILLIE,8
ABBEY,7
ASPEN,7
BANJO,7
BRANDY,7
BRODIE,7
CEDAR,7
CHICO,7
CHIEF,7
CHINOOK,7
DELILAH,7
EDDIE,7
ELSA,7
ELVIS,7
EVA,7
GIGI,7
GRETA,7
HANNAH,7
JESSIE,7
JOE,7
JOSIE,7
JOY,7
KALI,7
KAYA,7
KOBE,7
LACEY,7
MACY,7
MASON,7
MATTIE,7
NINA,7
NUGGET,7
PARKER,7
PRECIOUS,7
REBEL,7
RED,7
REGGIE,7
REMINGTON,7
ROO,7
SAMSON,7
SARAH,7
SASSY,7
SKYE,7
STANLEY,7
TIMBER,7
TINY,7
TRAPPER,7
TROOPER,7
YUKI,7
AMBER,6
ANNA,6
ATLAS,6
BENJI,6
BERNIE,6
BETTY,6
BLAZE,6
BODHI,6
BOLT,6
BONNIE,6
BRADY,6
BRISTOL,6
BUCK,6
BUTTERS,6
CAPTAIN,6
CASSIE,6
CHICA,6
CLYDE,6
COMET,6
CRICKET,6
DAISY MAE,6
DAPHNE,6
DOLLY,6
DRAKE,6
DUTCHESS,6
FANCY,6
FRECKLES,6
FREYA,6
GABBY,6
IVY,6
JAZZ,6
KAISER,6
KIKI,6
KIMBER,6
LEIA,6
LENA,6
LENNY,6
LOGAN,6
MAC,6
MACK,6
MADISON,6
MOE,6
NIKKI,6
NYX,6
PACO,6
PANDA,6
PENELOPE,6
PETE,6
PIXIE,6
PONCHO,6
RAMBO,6
RASCAL,6
REMI,6
REMY,6
ROLO,6
ROXI,6
SABLE,6
SCRAPPY,6
SHELBY,6
TIA,6
TIGGER,6
TINKERBELL,6
TUNDRA,6
WINNIE,6
WYATT,6
ABBIE,5
ABIGAIL,5
AJAX,5
ANDY,5
AUTUMN,5
AXEL,5
BARLEY,5
BEN,5
BINGO,5
BOBBY,5
BORIS,5
BOWSER,5
BROWNIE,5
BUZZ,5
CASPER,5
CEASAR,5
CHARLEY,5
CHIP,5
COLE,5
COWBOY,5
DAISEY,5
DASH,5
DAWSON,5
DAX,5
DEUCE,5
DIEGO,5
DIGGER,5
DUTCH,5
FIONA,5
FOXY,5
GEMMA,5
GIDGET,5
GINNY,5
GYPSY,5
HARPER,5
INDY,5
KIRA,5
KITA,5
LIZZIE,5
MACKENZIE,5
MAISY,5
MAPLE,5
MOXIE,5
MYA,5
NANOOK,5
NIKO,5
OBI,5
OLIVIA,5
OZZY,5
PAISLEY,5
PAPI,5
PEACHES,5
PEARL,5
PEBBLES,5
RADAR,5
RINGO,5
ROSCO,5
ROWDY,5
SAMMIE,5
SEAMUS,5
SHERMAN,5
SIDNEY,5
SIMON,5
SKIPPY,5
SOPHIA,5
TASHA,5
TONKA,5
TORI,5
TRIXIE,5
TROY,5
TUFFY,5
VIOLET,5
WATSON,5
YODA,5
ZIVA,5
ZORRO,5
ZUES,5
ADAK,4
ALICE,4
ALYESKA,4
APRIL,4
ATTU,4
AUGGIE,4
AVA,4
AXLE,4
AYLA,4
BABE,4
BARKLEY,4
BARON,4
BLIZZARD,4
BOB,4
BOSS,4
BROOKS,4
CAESAR,4
CHAI,4
CHEVY,4
CHEWIE,4
CHINO,4
CINDER,4
COHO,4
COLBY,4
COLT,4
CRUISER,4
DJ,4
DORY,4
DOUGLAS,4
ECHO,4
ELI,4
EMMY,4
ENZO,4
FINLEY,4
FRANK,4
FRANKLIN,4
FRED,4
GOOSE,4
GUCCI,4
HOWIE,4
HUCK,4
INDIE,4
IVAN,4
JAGER,4
JAXON,4
JENNY,4
JESSE,4
JOJO,4
KANE,4
KAYLEE,4
KEENA,4
KIERA,4
KIWI,4
KNIK,4
KODI,4
KODY,4
LEXIE,4
LIBERTY,4
LILA,4
LINCOLN,4
LYLA,4
MAE,4
MAJOR,4
MANDY,4
MARY,4
MATILDA,4
MCKENZIE,4
MERLIN,4
MILA,4
MIMI,4
MISHA,4
MISKA,4
MISTER,4
MOKI,4
MOLLIE,4
MORGAN,4
NAHLA,4
NIKE,4
NORMAN,4
OPIE,4
OTTO,4
OZZIE,4
PATCH,4
PAXSON,4
PETEY,4
PIPPIN,4
PJ,4
POLLY,4
QUINN,4
RENO,4
ROGER,4
ROGUE,4
ROSEY,4
RUPERT,4
SAGE,4
SAWYER,4
SCOOBY,4
SCRUFFY,4
SCULLY,4
SHADY,4
SKEETER,4
SKIPPER,4
SKY,4
SNOWBALL,4
SOLO,4
SOX,4
SPICE,4
STEVE,4
SUKA,4
SUKI,4
SUMMIT,4
SUNSHINE,4
TAZLINA,4
TESS,4
TESSA,4
THEO,4
TIKAANI,4
TINK,4
TITUS,4
TOK,4
TOTO,4
TROUBLE,4
TRUDY,4
TUX,4
TY,4
WILLA,4
WINTER,4
WRANGELL,4
YOSHI,4
ZELDA,4
ZENA,4
ZEPHYR,4
ACHILLES,3
AKIRA,3
ARES,3
ARLO,3
ARROW,3
ASHA,3
ATIGUN,3
ATKA,3
ATTICUS,3
AUSTIN,3
BABY GIRL,3
BAM BAM,3
BAUER,3
BAYLEE,3
BEA,3
BEAN,3
BEAUX,3
BEBE,3
BENELLI,3
BENNIE,3
BETSY,3
BLACKIE,3
BLANCA,3
BOGEY,3
BOONE,3
BOULDER,3
BREE,3
BUCKY,3
BUD,3
BULLET,3
BUTCH,3
BUTTERCUP,3
CAPONE,3
CASPIAN,3
CECE,3
CHAOS,3
CHARLI,3
CHESTER,3
CHEYENNE,3
CHILI,3
CHOPPER,3
CHULI,3
CINDY,3
CLOVER,3
COAL,3
CONNOR,3
CUJO,3
DANTE,3
DARBY,3
DIVA,3
DJANGO,3
DOBBY,3
DOMINO,3
DORA,3
DOT,3
DRACO,3
DUALLY,3
DUCHESS,3
DUFFY,3
DUNCAN,3
DYLAN,3
ESKA,3
FARLEY,3
FELIX,3
FIFI,3
FINNEGAN,3
FLETCHER,3
FORREST,3
FREDDIE,3
FRODO,3
GABY,3
GERTIE,3
GHOST,3
GLORY,3
GOLDIE,3
GOLIATH,3
GOOFY,3
GRIFFIN,3
HAILEY,3
HALO,3
HAPPY,3
HARLOW,3
HARVEY,3
HATCHER,3
HERBIE,3
HERSHEY,3
HOBBS,3
HOOPER,3
HOOVER,3
HOSS,3
HUGO,3
IRIS,3
ISABELLA,3
ISABELLE,3
JACKIE,3
JAZMINE,3
JAZZY,3
JEDI,3
JETHRO,3
JEWELS,3
JIMMY,3
JJ,3
JOANIE,3
JOHNNY,3
JULES,3
JULIE,3
JUNE,3
JUPITER,3
KAHN,3
KASH,3
KATE,3
KC,3
KELLY,3
KENZIE,3
KETA,3
KHLOE,3
KILO,3
KOKO,3
KOTA,3
KRAMER,3
LANEY,3
LEILA,3
LEVI,3
LEXUS,3
LIAM,3
LINK,3
LITTLE BEAR,3
LITTLE BIT,3
LIZZY,3
LUCAS,3
LUKA,3
MABEL,3
MAGGIE MAE,3
MAGPIE,3
MAIZY,3
MALI,3
MARIO,3
MARLEE,3
MARY JANE,3
MAVERICK,3
MAXWELL,3
MERCEDES,3
MICK,3
MIKA,3
MIKE,3
MIKEY,3
MILES,3
MILEY,3
MILLY,3
MINDI,3
MINION,3
MINKA,3
MJ,3
MUFFIN,3
MURRAY,3
NELCHINA,3
NEMO,3
NICKI,3
NUTMEG,3
OBIWAN,3
OLY,3
OMAR,3
PARIS,3
PATTON,3
PERCY,3
PETER,3
PIXEL,3
POGO,3
QUEEN,3
QUEENIE,3
RAGNAR,3
RAIDER,3
RASTA,3
RICKY,3
ROBBY,3
ROCKET,3
ROMAN,3
RONAN,3
RUE,3
RYLIE,3
SABBATH,3
SARA,3
SEBASTIAN,3
SEDONA,3
SHANE,3
SHILOH,3
SKIFF,3
SKYLAR,3
SONNY,3
SPENCER,3
SPOT,3
SPROCKET,3
STORM,3
SUMMER,3
SUSIE,3
SWEET PEA,3
SWEETIE,3
TAYLOR,3
TEEKA,3
TESLA,3
THUMPER,3
TINA,3
TITO,3
TRINITY,3
TUESDAY,3
TUG,3
TURBO,3
TUULI,3
TYRONE,3
WALLY,3
WILEY,3
WOODY,3
ZEEK,3
ZEVA,3
ZIPPO,3
ABERLOUR,2
AGNES,2
AJ,2
AK,2
ALI,2
ALLIE GIRL,2
ALY,2
AMERICA,2
AMMO,2
AMOS,2
AMY,2
ANAKIN,2
ANIAK,2
ANNI,2
ANUBIS,2
APU,2
ARCTIC,2
ARGUS,2
ARIEL,2
ARIES,2
ARMANI,2
ARNOLD,2
ARTEMIS,2
ARTHUR,2
ARYA,2
ASH,2
ASTRO,2
ATREYU,2
AUGIE,2
AUSSIE,2
AVERY,2
AXL,2
AZUL,2
BALOO,2
BALTO,2
BAMBI,2
BARNEY,2
BATMAN,2
BEAMER,2
BEANIE,2
BEANS,2
BEAST,2
BEAUFORT,2
BEAUTY,2
BECKHAM,2
BELL,2
BEORN,2
BEOWULF,2
BERGERON,2
BERNADETTE,2
BERT,2
BETTY BOOP,2
BIGGS,2
BILLY,2
BING,2
BINO,2
BISCUIT,2
BJORN,2
BLACK JACK,2
BLACKJACK,2
BLESSING,2
BLITZ,2
BLOSSOM,2
BLU,2
BOBO,2
BODE,2
BODIE,2
BOJANGLES,2
BOMBER,2
BONES,2
BOOGER,2
BOOGIE,2
BOOTS,2
BOOTSIE,2
BOSCO,2
BOSTON,2
BOZER,2
BRANDI,2
BRAUTWURST,2
BREEZE,2
BREWSKI,2
BRIAN,2
BRIO,2
BRIX,2
BROCK,2
BRONX,2
BROOK,2
BRUISER,2
BRUZER,2
BUBBLES,2
BUDDIE,2
BUG,2
BULLSEYE,2
BUNNY,2
BURTON,2
BUSHIDO,2
BUSTER BROWN,2
BUTTONS,2
CABO,2
CAESER,2
CAMI,2
CANDY,2
CARAMEL,2
CARRIE,2
CECIL,2
CESAR,2
CHACO,2
CHARLOTTE,2
CHAZ,2
CHELSEA,2
CHEWBACCA,2
CHIBI,2
CHIQUITA,2
CHUBBS,2
CHUCHO,2
CISCO,2
CLAIRE,2
CLAY,2
CLEOPATRA,2
CLIFFORD,2
COCHISE,2
CORA,2
CORDELIA,2
CORKY,2
COTTON,2
COUGAR,2
CROSBY,2
CRYSTAL,2
CUDDLES,2
CUPCAKE,2
D.O.G.,2
DAGAN,2
DAISY DUKE,2
DAISY MAY,2
DANGER,2
DANNY,2
DARLA,2
DEBO,2
DECLAN,2
DEE DEE,2
DEEDEE,2
DEISEL,2
DEL,2
DEWEY,2
DHARMA,2
DILLON,2
DINGO,2
DIVER,2
DIZZY,2
DODGER,2
DOJA,2
DOOBEY,2
DOODLE,2
DOOLEY,2
DORI,2
DOTTIE,2
DOUG,2
DRAGON,2
DUDE,2
DUDLEY,2
DUGAN,2
DYSON,2
EARL,2
EASTON,2
EBONY,2
EDISON,2
EDWARD,2
EIN,2
EINSTEIN,2
ELIAS,2
ELIOT,2
EMBER,2
EMMETT,2
EMMITT,2
ERIS,2
EVE,2
FALCO,2
FENWAY,2
FERDINAND,2
FERGUS,2
FERN,2
FIN,2
FISHER,2
FLEURY,2
FLIP,2
FLOPPY,2
FLOWER,2
FLOYD,2
FLYNN,2
FOSTER,2
FREEDOM,2
FREYJA,2
FURY,2
GAGE,2
GALENA,2
GAUGE,2
GEORGIA,2
GIDEON,2
GIMLI,2
GOOBER,2
GOOMBA,2
GOUDA,2
GRIZLEE,2
GRIZZ,2
GROMIT,2
GUINESS,2
GUMBO,2
GUNNAR,2
GUSSY,2
HAMISH,2
HANNA,2
HANS,2
HARMONY,2
HAROLD,2
HARRY,2
HEALY,2
HEATHER,2
HECTOR,2
HEFF,2
HEMI,2
HENDRIX,2
HERO,2
HOBBES,2
HONDO,2
HONEY BEAR,2
HOOCH,2
HUCKLEBERRY,2
HUDSON,2
HUNNY,2
HURLEY,2
ICHIGO,2
ICY,2
IGGY,2
IKE,2
ISABEL,2
ISADORA,2
JADA,2
JADEN,2
JAEGER,2
JANGO,2
JAXX,2
JD,2
JEB,2
JET,2
JETER,2
JETT,2
JEWEL,2
JEZEBEL,2
JILL,2
JINGLE,2
JODIE,2
JOLIE,2
JORDAN,2
JOSEPHINE,2
JUBILEE,2
JUDGE,2
JUDY,2
JUICE,2
JUJU,2
JUNE BUG,2
JUNEAU,2
KAIBAB,2
KANANI,2
KANYE,2
KASHI,2
KATY,2
KAVA,2
KEELY,2
KEENEYE,2
KEETNA,2
KEIRA,2
KENJI,2
KENZI,2
KIA,2
KIEFER,2
KIJIK,2
KIKO,2
KILLER,2
KINGSTON,2
KIPPER,2
KIRBY,2
KISMET,2
KIT,2
KITTY,2
KIYAH,2
KNUCKLES,2
KO,2
KOBA,2
KODIE,2
KOKOA,2
KOOPER,2
KOVU,2
KRYSTAL,2
KUKUI,2
LACY,2
LADY BUG,2
LAILA,2
LAKOTA,2
LANA,2
LANCE,2
LANI,2
LARA,2
LARRY,2
LATTE,2
LB,2
LEAH,2
LEMON,2
LEROY,2
LIBBY,2
LIL BIT,2
LILLIE,2
LINUS,2
LITTLE GIRL,2
LOUIS,2
LUCA,2
LUCY LU,2
LUIGI,2
LUPA,2
MAGNUM,2
MAIZEY,2
MARCO,2
MARCUS,2
MARIA,2
MARIAH,2
MARSHALL,2
MARTY,2
MAUI,2
MAVIS,2
MAXX,2
MAY,2
MCGEE,2
MEEKO,2
MELISSA,2
MELODY,2
MERCY,2
MERIDA,2
MERLE,2
MIKI,2
MINER,2
MINI,2
MINNOW,2
MIRA,2
MOBY,2
MONGO,2
MONKEY,2
MONTY,2
MOO,2
MOSES,2
MURPH,2
MUSHU,2
NACHO,2
NADIA,2
NALI,2
NAPOLEON,2
NEKO,2
NENA,2
NEO,2
NICO,2
NIKA,2
NIKITA,2
NIKOLAI,2
NILES,2
NINER,2
NINJA,2
NOAH,2
NOODLE,2
NOODLES,2
NORA,2
NORM,2
NORTH,2
NUKA,2
NUKKA,2
NYLA,2
O'MALLEY,2
OLIE,2
OLLY,2
ORCA,2
ORVIS,2
OSA,2
OSWIN,2
PABLO,2
PALIN,2
PALMER,2
PAPA,2
PATIENCE,2
PATSY,2
PEDRO,2
PEGGY,2
PEPITO,2
PERRY,2
PIE,2
PIKA,2
PIKACHU,2
PILOT,2
PIPPEN,2
PIPPI,2
PIPPY,2
PITA,2
POCKET,2
POLAR,2
POLAR BEAR,2
POLARIS,2
POOH BEAR,2
POOKIE,2
PRIM,2
PRISSY,2
PRUDHOE,2
PUCK,2
PUDDIN,2
PUPPY,2
RACHEL,2
RALEIGH,2
RALPH,2
RAMONA,2
RAMSEY,2
REBA,2
RED DOG,2
REKA,2
REMUS,2
RICHTER,2
RIGBY,2
RJ,2
ROCKEY,2
ROCKO,2
ROHN,2
ROLLY,2
ROMA,2
ROSEMARY,2
ROSY,2
ROVER,2
ROWDEY,2
RUSSELL,2
RYKER,2
SAILOR,2
SAKARI,2
SALEM,2
SALTY,2
SAMMI,2
SAVANNAH,2
SCAMP,2
SCARLET,2
SCARLETT,2
SCHNITZEL,2
SCHOONER,2
SEQUOIA,2
SHAE,2
SHAKESPEARE,2
SHASTA,2
SHAYLA,2
SHEA,2
SHEEBA,2
SHELDON,2
SHELLY,2
SHOOTER,2
SHORTY,2
SHREDDER,2
SID,2
SIPSEY,2
SIRI,2
SIRIUS,2
SISCO,2
SITA,2
SKIP,2
SLATER,2
SMOKIE,2
SNOOP,2
SNOW,2
SNOWY,2
SOFIE,2
SOLDIER,2
SOLSTICE,2
SPANKY,2
SPEC,2
SPEEDY,2
SPIRIT,2
SPOCK,2
SPOOK,2
SPRING,2
SQUIRT,2
STITCH,2
SULLY,2
SUSHI,2
SUSITNA,2
SUZIE,2
SVEN,2
TACO,2
TALI,2
TALLULAH,2
TANGO,2
TANNER,2
TATER,2
TAZER,2
TEGAN,2
THEODORE,2
THUNDER,2
TIGER,2
TIKKA,2
TILLIE,2
TIPPY,2
TOA,2
TOBEY,2
TOBI,2
TOBIAS,2
TOBLERONE,2
TOMMY,2
TONKS,2
TONTO,2
TOSCA,2
TRITON,2
TRON,2
TROUT,2
TT,2
TUT,2
TWIGGY,2
TWINKIE,2
TYE,2
TYGA,2
VADER,2
VAN,2
VENUS,2
VIENNA,2
VINNIE,2
WALDO,2
WEDNESDAY,2
WHISKEY,2
WHISPER,2
WHITEY,2
WICKET,2
WIGGLES,2
WILLIS,2
WILSON,2
WINCHESTER,2
WIZARD,2
WOLFIE,2
XANDER,2
YAGER,2
YOGI,2
YONA,2
ZACK,2
ZANDER,2
ZERO,2
ZOOM,2
ZORA,2
ZORBA,2
3 OF HEARTS,1
A-LIEN,1
AASA,1
ABBI,1
ABE,1
ABEL,1
ABI,1
ABIGALE,1
ABLE,1
ACER,1
ADA,1
ADAM,1
ADDIE,1
ADDIE MAE,1
ADDY,1
ADELAIDE,1
ADELE,1
ADELYN,1
ADRIAN,1
AEON,1
AGLU,1
AHSOKA,1
AIKO,1
AIMIE,1
AIOFA,1
AJAXX,1
AKASHA,1
AKEELA,1
AKI,1
AKILA,1
AKITO,1
AKUTAN,1
ALAKANUK,1
ALARIC,1
ALASKA,1
ALBA,1
ALBUS,1
ALDER,1
ALEUTIA,1
ALEX,1
ALEX BARRY,1
ALEXIS,1
ALEXXEE,1
ALEYESKA,1
ALFIE,1
ALI BABA,1
ALIANA,1
ALICA,1
ALIE,1
ALIY,1
ALLEY,1
ALLI,1
ALLY MAY,1
ALMOND ROCA,1
ALPHA,1
ALPINE,1
ALTA,1
ALVIN,1
AMADEUS,1
AMAK,1
AMBERLEE,1
AMBERLYN,1
AMBUSH,1
AMEER,1
AMELIA,1
AMELIA GREEN,1
AMICO,1
AMIGO,1
AMIRA,1
ANCHOR,1
ANDRE,1
ANES,1
ANGELINA,1
ANGIE,1
ANIA,1
ANIOT,1
ANNABELL,1
ANNABELLA,1
ANNABELLA  E,1
ANNABELLE,1
ANNAPURNA,1
ANNIE BELLE,1
ANOWIK,1
ANTHONY CRIT,1
ANYA,1
APHRODITE,1
APOLO OHNO,1
APPA,1
APPLE,1
ARBELL,1
ARCHER,1
ARCHIE E.,1
ARDBEG,1
AREC,1
ARETE,1
AREZ,1
ARGOS,1
ARHI,1
ARI,1
ARIE,1
ARISTOTLE,1
ARIYANA,1
ARLIE,1
AROWEN,1
ARWEN,1
ARWYN,1
ARY,1
ASHLEIGH,1
ASOKA,1
ASTA,1
ASTRID,1
ATILLA,1
ATL,1
ATLANTA,1
ATOS,1
ATTA-GIRL,1
ATTIE,1
ATTLA,1
AUDI MURPHEY,1
AUGUST,1
AUGUSTUS,1
AUNE,1
AURELIA,1
AURI,1
AUSTRINGER,1
AVALANCHE,1
AXSEL,1
AXTON,1
AY JAY,1
AYA,1
AZULZ,1
B'GOSH,1
BAAN,1
BABY BOY,1
BABY BYE BYE,1
BABY DOG,1
BABYGIRL,1
BACCARDI,1
BACCHUS,1
BADGER,1
BAE,1
BAGGER,1
BAGHEERA,1
BAHITI,1
BAILEE,1
BAILEY BEAR,1
BAILEY BOB,1
BAILEYS,1
BAILY,1
BAIYA,1
BALOU,1
BAMAH,1
BAMBOO,1
BANDIDO,1
BANDO,1
BANE,1
BANKS,1
BANNER,1
BANSHEE,1
BARA,1
BARBOS,1
BARCLAY,1
BARLOW,1
BARNABAS,1
BARONESS,1
BARRACUDA,1
BARRETT,1
BARRY 2,1
BARTHOLOMEW,1
BARTLETT,1
BAS,1
BAUBINO,1
BAY LAUREL,1
BAYA,1
BEANSIDHE,1
BEAR BAIT,1
BEARCOOT,1
BEASLEY,1
BEASTIE,1
BEAUFORD,1
BEAUTI,1
BEBA,1
BECA,1
BECKER,1
BEEF,1
BEETHOVEN,1
BEETLE,1
BEEVIE,1
BEHR,1
BELIEVER,1
BELLA (RUBY),1
BELLA MARIE,1
BELLA STAR,1
BELLATRIX,1
BELLE VOM CI,1
BELVEDERE,1
BENDER,1
BENFORD,1
BENITO,1
BENTLY,1
BERAND,1
BERNOULLI,1
BERTIE,1
BERTUZZI,1
BESS,1
BESSIE,1
BESTE,1
BETA,1
BETTLES,1
BEYLA,1
BIBI,1
BIBS,1
BIESEN,1
BIG BABY,1
BIG BEN,1
BIG BOI,1
BIG MAC,1
BIGGIE SMALL,1
BIJOU,1
BILL,1
BILLIE GOAT,1
BILLIETHEKID,1
BINGLEY,1
BINX,1
BIRCH,1
BIRDIE BOO,1
BIRDY,1
BISCOTTI,1
BISHOP,1
BISKET,1
BITSY,1
BITTY,1
BITZER,1
BITZY,1
BIXBY,1
BJ,1
BLACK DOG,1
BLAKE,1
BLEU,1
BLING,1
BLISS,1
BLIZZ,1
BLONDIE,1
BLOUIS,1
BLUE BELL,1
BOAZ,1
BOB THE DOG,1
BOBA,1
BOBOI,1
BOCEPHUS,1
BODACIOUS,1
BODEE,1
BOND,1
BONDI,1
BONE,1
BONNIE BLUE,1
BONNIE JADE,1
BONNY,1
BOO BEAR,1
BOO BOO,1
BOO ENZO,1
BOOBOO,1
BOODLES,1
BOOMBOOM,1
BOOSIE,1
BOOZER,1
BORA,1
BORIA,1
BOSSDOG,1
BOSSK,1
BOSSY,1
BOU,1
BOUNCE,1
BOUNCER,1
BOW WOW,1
BOWEE,1
BOWEN,1
BOWMORE,1
BOYD,1
BRADDAH,1
BRADDOCK,1
BRADLEY,1
BRAE,1
BRAMI,1
BRANDEE,1
BRANDILYNN,1
BRANDO,1
BRANDY 2,1
BRASH,1
BRASI,1
BREAUX,1
BRECK,1
BREEZY,1
BRENDELIS,1
BRENIN,1
BRENNA,1
BRENNER,1
BRENNI,1
BRETA,1
BREW,1
BREWTUS,1
BRIA,1
BRIANA,1
BRIDGER,1
BRIDGET,1
BRIDGETTE,1
BRIGGS,1
BRIN,1
BRINDLE,1
BRIOSCA,1
BRODDI,1
BRODY DUNCAN,1
BROGAN,1
BROM,1
BRONIUS,1
BROOKE,1
BROOKLYN,1
BROOSTER,1
BROSEPH,1
BROTHER,1
BROWN DAWG,1
BRUCE WAYNE,1
BRUIN,1
BRUNDI,1
BRUNOSTEN,1
BRUSCHI,1
BRUSH,1
BRYCE,1
BRYN,1
BUBA,1
BUBBA GUMP,1
BUBBAS,1
BUBBLEGUM,1
BUBBLEZ,1
BUBU,1
BUCKET,1
BUCKLES,1
BUCKLEY,1
BUCKSHOT,1
BUDA,1
BUDDHA,1
BUDDI,1
BUDDY HOLLY,1
BUDSY,1
BUGATAMUS,1
BUGATTI,1
BUGOTTI,1
BUGS,1
BUGSY,1
BUKUM,1
BULLITT,1
BUNKIE,1
BUNTA,1
BURBERRY,1
BURKE,1
BURLY,1
BURNER,1
BURRO,1
BUSHWA,1
BUSTER SHARP,1
BUSY,1
BUTKUS,1
BUTLER,1
BUTTERSCOTCH,1
BUXTON,1
BYRON,1
C STREET,1
C'AMAI,1
C.B.,1
C.C.,1
CABA,1
CACHE,1
CAIN,1
CAITE BEL,1
CALAMITY,1
CALEB,1
CALI ANNE,1
CALIPER,1
CALISTA,1
CALLAHAN,1
CALLI,1
CALLIE MAE,1
CALLIE ROSE,1
CALLY,1
CALYPSO,1
CAMBERLYNN,1
CAMDEN,1
CAMERON,1
CAMILLE,1
CANISA,1
CAPOTE,1
CAPPIE,1
CAPPY,1
CAPTAIN MORG,1
CAPTAIN REX,1
CARAH,1
CARDI,1
CARL,1
CARLIE,1
CARLY,1
CARM,1
CARMEN,1
CAROL ANN,1
CARSON,1
CASCADE,1
CASIE,1
CASSIDY,1
CASSIE JO,1
CASSIE SUE,1
CAT,1
CATCHER,1
CAYMAN,1
CEASER,1
CECI,1
CECILIA,1
CEECEE,1
CEIBA,1
CELE,1
CELIA,1
CELIA CRUZ,1
CELIE,1
CELLI,1
CELLO,1
CENA,1
CESSIE,1
CET,1
CEZAR,1
CHACHA,1
CHAHTA,1
CHAKO,1
CHAMOIS,1
CHAMPAGNE,1
CHANCEY,1
CHARGER,1
CHARLAMAGNE,1
CHARLEE,1
CHARLI BEA,1
CHARLIE GIRL,1
CHARLIEGH,1
CHARLY,1
CHARMIN,1
CHATANIKA,1
CHAUNCEY,1
CHAY,1
CHAZZ,1
CHEEBA,1
CHEEKONI,1
CHEEKY,1
CHEENA,1
CHEIF,1
CHEIN,1
CHELIOS,1
CHELSEY,1
CHENA ROSE,1
CHESSIE,1
CHEWAWA,1
CHEWEE,1
CHEWIE BEE,1
CHEY,1
CHIA,1
CHIANA,1
CHICHI,1
CHICKADEE,1
CHICORY,1
CHIKA,1
CHILE,1
CHILIE,1
CHILLY,1
CHINA,1
CHING CHING,1
CHINOBI,1
CHIPS,1
CHIQUITO,1
CHISHY,1
CHITU,1
CHIYO,1
CHOCCO,1
CHOCO,1
CHOCOLATE,1
CHOLO,1
CHOMP JR,1
CHOMPSKY,1
CHOO,1
CHRISSY,1
CHRONIC,1
CHUB,1
CHUBBERS,1
CHUBS,1
CHUCHI,1
CHUCK NORRIS,1
CHUCKIE,1
CHUCKY,1
CHUE,1
CHUGACH,1
CHULA BELL,1
CHUM,1
CHUMS,1
CHUNK,1
CHUNKY JOE,1
CHUY,1
CIARA,1
CICERO,1
CIDER,1
CIDLEE,1
CIDLEY,1
CINCH,1
CINCO DE MAY,1
CINDERS,1
CINDY LOU,1
CINNY,1
CIRCE,1
CIRI,1
CIRRUS,1
CISCO KID,1
CIVIC,1
CJ,1
CLAIREE,1
CLARE,1
CLARICE,1
CLEASTWOOD,1
CLECO,1
CLEO2,1
CLETUS,1
CLIDE,1
CLOONEY,1
CLOUD,1
CLUTCH,1
CLYDE BARROW,1
CO CO,1
COACH,1
COACOA,1
COALBY,1
COALIE,1
COAST,1
COBALT,1
COBBER,1
COBH,1
CODA,1
CODEE,1
CODY BEAR,1
CODY SANCHEZ,1
COKO,1
COLBY LYNNE,1
COLEY BEAR,1
COLIN,1
COLLIS,1
CONNER,1
CONRAD,1
CONRI,1
COOKI,1
COOKIE BOY,1
COOPER 2,1
COOTA,1
COOTER,1
COPA,1
CORAL BLUE,1
CORBIE,1
CORBY,1
CORDUROY,1
COREY,1
CORKIE,1
CORONA,1
COSA,1
COSMOE,1
COSTA,1
COTY,1
COUVERDEN,1
COVEY,1
COWGIRL,1
CRACKERS,1
CRASH,1
CREASY BEAR,1
CRISSY,1
CROMBIE,1
CROONER,1
CROUTON,1
CROWLEY,1
CRUSH,1
CRUSO,1
CRUZ,1
CRUZE,1
CRUZIER,1
CUB,1
CUBBY,1
CUBBY 2,1
CUBBY BEAR,1
CUCOY,1
CUERVO,1
CUPID,1
CURLY,1
CURLY-GIRL,1
CURRIE,1
CURRY,1
CUTTER,1
CUVAR,1
CYNDER,1
CYNTHIA,1
CYRUS,1
D'ARTAGNON,1
D'BO,1
D2,1
DA VINCI,1
DAHNDI,1
DAISEY MAE,1
DAISIE,1
DAISY BEAN,1
DAISY DEETER,1
DAISY DOO,1
DAISY-BELLE,1
DAJAK,1
DAK,1
DALTON,1
DANCER,1
DANDELION,1
DANDY MCRUFF,1
DANGEL,1
DANIELLE,1
DANIKIS,1
DARCIE,1
DARCY,1
DARIA,1
DARIUS,1
DARLENE,1
DARLIN,1
DARMANI,1
DARTANION,1
DARWIN,1
DASHER,1
DASIA,1
DAUBI,1
DAVE,1
DAVINCHY,1
DAVINCI,1
DAVOS,1
DAVY JONES,1
DAYNA,1
DAYTON,1
DAZ,1
DAZZLE,1
DB COOPER,1
DD,1
DECKER,1
DEEVA,1
DEEZLE,1
DEGA,1
DEION,1
DEJA VU,1
DEKE,1
DEKUX,1
DELILIAH,1
DELKO,1
DELLA,1
DELTA,1
DELYA,1
DEMI,1
DENAHI,1
DENIM,1
DENVER,1
DENZEL,1
DEOGE,1
DEOGI,1
DERAIL,1
DESDEMONA,1
DESHSKA,1
DESILU,1
DESSA,1
DESTINY,1
DEVON,1
DEWBEE,1
DEWIE,1
DEWY,1
DEX,1
DEXY,1
DG,1
DIACO,1
DIBS,1
DICE,1
DIDDLEY,1
DIDO,1
DIEAGO,1
DIEZ,1
DIGBY,1
DIMSUM,1
DINAH,1
DING,1
DINO,1
DINOH,1
DIONES,1
DIPPER,1
DIRTIE,1
DISCO,1
DISNEY,1
DITTO,1
DIXON,1
DOBBER,1
DOBY,1
DOGGIE,1
DOGMEAT,1
DOKY,1
DOMINUS,1
DOOGAN,1
DOOK,1
DOOMSDAY,1
DOOZER,1
DOOZEY,1
DOPEY,1
DOSIA,1
DOUGAL,1
DOVAHKIIN,1
DOZIER,1
DR DOG,1
DRAVF,1
DREAM,1
DUBLIN,1
DUCK DUCK,1
DUCT TAPE,1
DUG,1
DUGAS,1
DULCE,1
DUNCAN JR,1
DUTCH VIRDEN,1
DYGGUR,1
DYNA,1
E.Z. RYDER,1
EAGLE,1
EARNIE,1
EBERT,1
ECHO 2,1
EDIE,1
EDNA,1
EERO,1
EFFIE,1
EIFFEL,1
EISA,1
EISENHOWER,1
EKLUTNA,1
EL NINO,1
ELBE,1
ELE ELE,1
ELEANORDIGBY,1
ELFMAN,1
ELGIN,1
ELIJAH,1
ELIZABETH,1
ELKE,1
ELLA BELLA,1
ELLAH,1
ELLE,1
ELLERA,1
ELLI,1
ELLI MAE,1
ELLIE BEAN,1
ELLIE MAE,1
ELLIE MAY,1
ELLIOTT,1
ELLY,1
ELMO,1
ELO,1
ELPHIE,1
ELSIE,1
ELSU,1
ELVIN,1
ELVIRA,1
EM'REI JOY,1
EMMA JUNE,1
EMMA-LEE,1
EMMET,1
EMMIT,1
ENEW,1
EOWYN,1
EQUINOX,1
ERNEST,1
ERNIE,1
ESMA,1
ESME,1
ESPICKY,1
ESSIE,1
ESTES,1
ESTREA,1
ESTRELLA,1
EUREKA!,1
EVIE MAY,1
EVVIE,1
EZEKIAL,1
EZEKIEL,1
EZIO,1
FAIRBANKS,1
FAITH,1
FAITH ROSE,1
FALCOR,1
FANG,1
FARADY,1
FARRAH,1
FAUKXIE,1
FAUST,1
FAUSTINO,1
FEENA,1
FENDER,1
FERGUSON,1
FERRET,1
FEZZIK,1
FIEKA,1
FINNIGAN,1
FISCHER,1
FISH ON,1
FITZ,1
FITZGERALD,1
FIZZ,1
FLASH,1
FLEETWOOD,1
FLEX,1
FLICKA,1
FLINT,1
FLINTSTONE,1
FLOPPER,1
FLOSSIE,1
FLUFFY,1
FLUFFY BLAZE,1
FLY,1
FORCIA,1
FORD,1
FORTE,1
FOSBURY,1
FOXY BROWN,1
FOXY GIRL,1
FOZZI,1
FOZZIE,1
FRANCESCA,1
FRANCOIS,1
FRANKENSTEIN,1
FRANKY,1
FRANZ,1
FRASIER,1
FRAYA,1
FREDDY,1
FREDRICK,1
FREEWAY,1
FREIDA,1
FREIJA,1
FRIDAY,1
FRY,1
FUD,1
FUJITA,1
FULTON,1
FURBEE,1
FUZZY,1
FYRNE,1
G MAN,1
G.G.,1
GABBANNA,1
GABE,1
GABRIELA,1
GABRIELLA,1
GADDAFI,1
GADGET,1
GAEA,1
GALAXY,1
GAMBIT,1
GANDA,1
GANDALF,1
GARFIELD,1
GATOR,1
GATSBY,1
GAZ,1
GEDDY,1
GELIEBTE,1
GEMENI,1
GENESIS,1
GENNY,1
GENO,1
GEO,1
GEORGIABELLE,1
GEORGIANNA,1
GEORGIE,1
GEORGIE GIRL,1
GHIRIE,1
GHOST EYE,1
GIBBS,1
GIBSON,1
GIDDEON,1
GIDGET ROSE,1
GIL,1
GILLIGAN,1
GIN JAY,1
GINA,1
GINGER WOOKI,1
GINGIN,1
GINZEE,1
GIOVANNI,1
GIRDY,1
GIRLIE,1
GIRLY,1
GIZ,1
GIZMOE,1
GKEORGIE,1
GLACIER,1
GLADIATOR,1
GLADYZ,1
GLORY BEA,1
GNASH,1
GOBLIN,1
GODDESS,1
GODIVA,1
GOGO,1
GOHAN,1
GOLFBALL,1
GOOGLE,1
GOON,1
GORGY,1
GOTTI,1
GRACEY,1
GRACI,1
GRADY,1
GRAEME,1
GRANITE,1
GRAYSON,1
GREASE,1
GRENDEL,1
GRET,1
GRETA HOLLY,1
GRETTA,1
GREYCE,1
GRIFFEN,1
GRIFFON,1
GRISSOM,1
GRIZABELLA,1
GRIZZLEY,1
GRIZZY,1
GROMMET,1
GRUMMAN,1
GUARRYS,1
GUI,1
GUINEA,1
GULLY,1
GUMMI BEAR,1
GUNTER,1
GUNTHER,1
GURTIE,1
GUSTAVO,1
GUY,1
GWEN,1
GWENIVERE,1
GYNGER,1
GYPSY GRACE,1
HACHI,1
HADLEY,1
HAILEE,1
HAKU,1
HALEY MARIE,1
HALLIE,1
HAMILTON,1
HAMLET,1
HAMMER,1
HAMMOND,1
HANA,1
HANDSOME,1
HANNAH BOWDA,1
HANNIBAL,1
HAPPYDAWG,1
HARKY,1
HARLEE,1
HARLIE,1
HARRIETT,1
HARRISON,1
HARRY POTTER,1
HARVEE,1
HARVEY JR,1
HASHBROWN,1
HAVA,1
HAVEN,1
HAVOC,1
HAWKEYE,1
HAWLEY,1
HAYDEN,1
HAYDUKE,1
HAYLEE,1
HAZARD,1
HEAVEN,1
HEBE,1
HEDGE,1
HELENA,1
HEMISHMCDUFF,1
HENDO,1
HENK,1
HENNA,1
HENNESSY,1
HENNY,1
HENREY,1
HEREFORD,1
HERMAN,1
HERMIONE,1
HICCUP,1
HIGGS,1
HILDY,1
HITCH,1
HITO,1
HOAGEY,1
HOBO,1
HODIE,1
HODOR,1
HOLLYWOOD,1
HOLMES,1
HOMESLICE,1
HONEY BUNS,1
HONEYBEAR,1
HONEYSUCKLE,1
HOOTCH,1
HOPPER,1
HOPPS,1
HOPS,1
HORATIO,1
HORNSBY,1
HORST,1
HOUDINI,1
HOWDY,1
HUBBLE,1
HUBERT,1
HUCKLE,1
HUDY,1
HUEY,1
HULA HOOP,1
HUNDLEY,1
HUNEE,1
HURLEY RAE,1
HUSKER,1
HUXLEY,1
HYDEE,1
ICARUS,1
ICON,1
IDA,1
IGNEUS,1
IGOR,1
IIKE,1
IKAIKA,1
IKO,1
ILA,1
ILLA,1
INDIA,1
INDIAN,1
INDIGO,1
INGRID,1
INNOKO,1
INU,1
INUA,1
IOREK,1
IREESE,1
IRISH,1
ISAAC,1
ISABELL,1
ISHTA,1
ISKUT,1
ITCHY BROTHE,1
ITSA,1
ITSY,1
ITTYBIT,1
IVY LULU,1
IVY ROSE,1
IZABEL,1
IZABELL,1
IZEE,1
IZZI,1
J-LO,1
J.R.,1
J.T.,1
JABBER,1
JAC,1
JACK DANIELS,1
JACK FROST,1
JACK WOOFER,1
JACKSON JR,1
JACOB,1
JAE JAE,1
JAG,1
JAGGER,1
JAGIYA,1
JAGO,1
JAILING,1
JAINA,1
JAJA,1
JAK,1
JAKIE,1
JALAPENO,1
JALCE,1
JALIS,1
JAMES,1
JAMESBOND,1
JAMESON,1
JAMISON,1
JANE,1
JANIE,1
JARI,1
JARVIS,1
JASLYNN,1
JAVA,1
JAVIER,1
JAWS,1
JAXSON,1
JAY JAY,1
JAYDA,1
JAYTEE,1
JAZZIE,1
JEAGER,1
JEBEDIAH,1
JEEP,1
JEFFREY,1
JEMMA,1
JENI,1
JENNI,1
JENNY LYNN,1
JERICHO,1
JERSEY,1
JESS,1
JESSE LEE,1
JESSI,1
JESSICA,1
JESSIE JAMES,1
JESUS,1
JEZEBELLE,1
JEZZY,1
JIFFY,1
JILLY,1
JIMMY BUCKET,1
JINTO,1
JINX,1
JIPUTA,1
JIROU,1
JJIN,1
JO JO,1
JODY,1
JOE GRASS,1
JOE JOE,1
JOHANNAH,1
JOHN,1
JOHN RODGERS,1
JOHNA,1
JOLI,1
JON CARLO,1
JON STEWART,1
JONAH,1
JONATHAN,1
JONES,1
JONI,1
JONNI,1
JOPLIN,1
JORDY,1
JORGE,1
JOVIE,1
JOZIE,1
JP,1
JUAN,1
JUANITA,1
JUBIL,1
JUDE,1
JUELZ,1
JULEE(HONEY),1
JULIET GRAY,1
JULIUS,1
JULY,1
JUNE CARTER,1
JUNEBUG,1
JUNI,1
JUNIE,1
JUNIOR,1
JUNIPER BERR,1
JUNO REGINA,1
JURRE,1
JUSTINE,1
JUSTY,1
K.C.,1
K.D.,1
K.O.,1
KA-LAWZZZ,1
KACEE,1
KACI-JADE,1
KADEE,1
KAEDO,1
KAFKA,1
KAHALISI,1
KAHLESSI,1
KAIKEA,1
KAILUA,1
KAINANI,1
KAINO,1
KAIPO,1
KAISIE,1
KAIYA,1
KAKSI,1
KALA,1
KALADI,1
KALEY,1
KALIAH,1
KALILA,1
KALINA,1
KALISTA,1
KALLI,1
KALUB,1
KALUULA,1
KAMANI,1
KAMEA,1
KAMIE,1
KANGA,1
KANGAROO,1
KANOE,1
KANU,1
KANYA,1
KAPPA,1
KAPPY,1
KASCH,1
KASI-LOF,1
KASKEA,1
KASON,1
KASPER,1
KASSEL,1
KASSIDY,1
KATALLA,1
KATIANNA,1
KATIE ROSE,1
KATNISS,1
KATO,1
KAVACAMELLIA,1
KAVIK,1
KAY'NA,1
KAYA MOOMOO,1
KAYDEE,1
KAYLA,1
KAYMA,1
KAYOS,1
KAZAK,1
KAZZIE,1
KD,1
KEAKE,1
KEBA,1
KEELAH,1
KEELONI,1
KEELUT,1
KEEPER,1
KEETA,1
KEIKO,1
KEIRNA,1
KEITA,1
KELLER,1
KELSO,1
KELTY,1
KEN,1
KENDALL,1
KENIA,1
KENICHI,1
KENLEY,1
KENNA,1
KENNY JAMES,1
KENO,1
KENWORTH,1
KEPLER,1
KERMIT,1
KERRY,1
KERSHAW,1
KESS,1
KETEL,1
KETO,1
KEVA,1
KEYARA,1
KEYBO,1
KEYNA,1
KEYONA,1
KEYSTONE,1
KEYWII,1
KHABEE,1
KHALEESI,1
KHALESSI,1
KHALUA,1
KHAN,1
KHAN KHO,1
KHAUZI-MOTTO,1
KHODA,1
KHOLE,1
KI,1
KIAH,1
KIANA,1
KIAORA,1
KIARA,1
KIAYA,1
KIEBLER,1
KIEDIS,1
KIERA REY,1
KIERIE,1
KIESHA,1
KILA,1
KILAH,1
KILEY,1
KILLEY,1
KILLIAN,1
KIMA,1
KIMBA KNIK,1
KIMCHI,1
KIMIKO,1
KIMO,1
KINDLE,1
KINEO,1
KINGA,1
KINGSLEY,1
KINLEY LOVE,1
KIP,1
KIRIN,1
KISHA,1
KISSER,1
KITANNA,1
KITSU,1
KIVI,1
KIYA,1
KIZZIE,1
KK,1
KLAUS,1
KLEIO,1
KLIM,1
KLINK,1
KLOEE,1
KLUANE,1
KNEESA,1
KNIKI,1
KNOTTY,1
KOBY,1
KODAK,1
KODOS,1
KODUH,1
KOHL,1
KOJI,1
KOKOMO,1
KOKONUT,1
KOKORO,1
KOLSCH,1
KON SHURA,1
KONDOR,1
KORA,1
KOSMA,1
KOTCHA,1
KOVA,1
KOYUK,1
KRATOS,1
KRAZY,1
KRISHNA,1
KRONUR,1
KRUNK,1
KRUSH,1
KRUZER T.,1
KU,1
KUBEL,1
KUJO (MOOSE),1
KUKINI,1
KUKU,1
KULA,1
KULIK,1
KUMA,1
KUNA,1
KUNUK,1
KUPAA,1
KURO,1
KUSKA,1
KUSKO,1
KUUAKI,1
KUUIPO,1
KUZCO,1
KVICHAK,1
KYLA,1
KYLIE,1
KYLO,1
KYMBER,1
KYMI,1
KYOKO,1
KYSZER,1
L'IKA,1
L. B.,1
L.D.,1
LACI,1
LADY CHANEL,1
LADY HOPE,1
LADY MARIE,1
LADY PIPER,1
LADYBUG,1
LADYDOG 2,1
LAGERTHA,1
LAIKA,1
LAKER,1
LAMBEAU,1
LANCER,1
LANDO,1
LANDON,1
LAONA,1
LAOTSU,1
LAPKA,1
LARS,1
LARSEN,1
LASKA,1
LASSIE,1
LAVERNE,1
LAYCEE,1
LAYLO,1
LD GUINEVERE,1
LEDA,1
LEE,1
LEE HONG,1
LEELOO,1
LEFFE,1
LEFTY,1
LEGACY,1
LEGO,1
LEISEL,1
LEK,1
LEMIEUX,1
LEONA,1
LEONA MARIE,1
LEONARDO,1
LEONIDAS,1
LEROY BROWN,1
LEROY BUSTER,1
LEROY JENKIN,1
LEVON,1
LEXI LAREE,1
LEXY,1
LICHEN,1
LIEBE,1
LIEUTENANT,1
LIFE,1
LIGHTENING,1
LIGHTNING,1
LIKO,1
LIL MAMA,1
LILA BLUEBEL,1
LILAH,1
LILITH,1
LILLIANA,1
LILLIANNA,1
LILLY BELL,1
LILLY LOU,1
LILO,1
LILY MAE,1
LILY SUE,1
LINKA,1
LINQ,1
LIONEL,1
LISA,1
LITA,1
LITTLE BUDDY,1
LITTLE BUG,1
LITTLE D,1
LITTLE GUY,1
LITTLE MAN,1
LOAF,1
LOGRAY,1
LOHKI,1
LOKELANI,1
LOKIE,1
LOLITA,1
LOLLI,1
LOMA,1
LOMAX,1
LOOMIS,1
LORENZO,1
LOU,1
LOUIS VUITTO,1
LOUISE,1
LOVEE,1
LOYD,1
LU LU,1
LUBY,1
LUCCA,1
LUCE,1
LUCI,1
LUCILLE,1
LUCUS,1
LUCY #2,1
LUCY BROWN,1
LUEY,1
LUKI,1
LUKKA,1
LULA,1
LULU BELLE,1
LULU PEACHES,1
LUMI,1
LUNA BEAN,1
LUNA BLUE,1
LUNAR,1
LUPIN,1
LUPINE,1
LUTHER,1
LUX,1
LYCOS,1
LYKO,1
LYNX,1
LYRA,1
LYRIC,1
M&M,1
MAC TAVISH,1
MACEY,1
MACGYVER,1
MACHO,1
MACI,1
MACIE,1
MACINTYRE,1
MACKLIN,1
MACLAREN,1
MADALYNN,1
MADDI,1
MADDISON,1
MADDY MOOSE,1
MADGE,1
MADRA RUA,1
MAE BELL,1
MAELEE,1
MAEVE,1
MAGGIE MOON,1
MAGIC,1
MAGIK CHARM,1
MAGNUM MOSES,1
MAGNUS,1
MAGS,1
MAHLI,1
MAI'LOH,1
MAIA,1
MAILE,1
MAISIE,1
MAIZE,1
MAKARORA,1
MAKENA,1
MAKENNA,1
MAKSIM,1
MAL,1
MALENKO,1
MALI SUMMER,1
MALIBU,1
MALLA,1
MALLEY,1
MALLOW,1
MALP WINDY,1
MAN E,1
MANDI,1
MANGO,1
MANNIX,1
MAPRAW,1
MARCELINE,1
MARCELL,1
MARGO,1
MARI,1
MARILYN,1
MARIT,1
MARLENA NOVA,1
MARLI,1
MARLO,1
MARLY,1
MARRY,1
MARS,1
MARSHMELLO,1
MARTI,1
MARTIN,1
MARTINI,1
MARVIN,1
MARX,1
MARY ANN,1
MARYJANE,1
MATEO,1
MATIGAN,1
MATISSE,1
MAVIS JEAN,1
MAXIE,1
MAXIMILIAN,1
MAXIMILLIAN,1
MAXIMILLION,1
MAYHEM,1
MAYNARD,1
MAZEL,1
MAZIE,1
MAZY,1
MAZZOLINI,1
MAZZY,1
MCCOY,1
MCGYVER,1
MCKINZEE,1
MEADOW,1
MEATBALL,1
MEATY,1
MECCA,1
MEDINA,1
MEEKA,1
MEENA,1
MEESHKA,1
MEG,1
MEGARA,1
MEGG,1
MEHO,1
MEIKA,1
MEKI,1
MEL,1
MELLO,1
MELLY,1
MELO,1
MEMPHIS,1
MERCI,1
MERIBEL,1
MERICA,1
MERIWEATHER,1
MERMENTO,1
MERRY,1
MESHACH,1
METALLICA,1
MIA (DULCI),1
MIA BELLA,1
MIAMI,1
MICAH,1
MICHELLE,1
MICKIE,1
MICKINLEY,1
MIDGE,1
MIDORI,1
MIEMIE,1
MIGGS,1
MIK,1
MIKAH,1
MIKO,1
MILKA,1
MILLA,1
MIMOSA,1
MIMZY,1
MINA,1
MINDY,1
MING MING,1
MINGIN,1
MINI COOPER,1
MINI PEARL,1
MINNIE MAE,1
MINX,1
MISA,1
MISHAA,1
MISHCA,1
MISS DAISY,1
MISS ELLIE,1
MISS LADY,1
MISS MARTHA,1
MISS MOLLIE,1
MISS PIGGY,1
MISS STELLA,1
MISSER,1
MISSEY,1
MISSY DAWN,1
MISTY ROSE,1
MITCHELL,1
MITTIE,1
MITZI,1
MIYA,1
MIZ SCARLETT,1
MIZU,1
MIZUKI,1
MJOLHIR,1
MKAYLA,1
MOAB,1
MOCCO,1
MOCHI,1
MOJITO,1
MOKEE,1
MOLLEE,1
MOLLI,1
MOLLY MAE,1
MOLNI,1
MON AMI,1
MONA,1
MONACO,1
MONEY,1
MONROE,1
MONSTER,1
MONTANA,1
MONTE,1
MONTE CRISTO,1
MONTGOMERY,1
MOO MOO,1
MOOCHIE,1
MOOGAN,1
MOOGIE,1
MOOJI,1
MOONEY,1
MOONPIE,1
MOONSHINE,1
MOOS,1
MOOSHA,1
MOOSHKA,1
MOOSIE,1
MOPS,1
MOREMI,1
MORRIE,1
MOSHI,1
MOSI,1
MOSS,1
MOSSY,1
MOTCHO,1
MOTEK,1
MOTLEY,1
MOWGLI,1
MOWGLY,1
MR BEAR,1
MR BOJANGLES,1
MR DEEDS,1
MR. BB,1
MR. BLUE,1
MR. BUGS,1
MR. DARCEY,1
MR. TUBBS,1
MR.SMALL,1
MS LILIE,1
MS RAINY DAY,1
MS. J,1
MU XU,1
MUDGE,1
MUESLI,1
MUGS,1
MUGSY,1
MULDER,1
MUMBLES,1
MUNSTRO,1
MURDOCH,1
MURPHY ROSE,1
MUSKA,1
MUSTI,1
MUTTLEY,1
MY LADY,1
MYA DAVILA,1
MYAH,1
MYLO,1
MYSTERY,1
MYSTIQUE,1
NAAZ,1
NABI,1
NACHO BACON,1
NAGO,1
NAHKOHE,1
NAIA,1
NAILS TOO,1
NAK,1
NAKI,1
NAKITA,1
NALO,1
NAMASTE,1
NAMINE,1
NANCY,1
NANOOK (JOY),1
NAPO,1
NATALYA,1
NATASHA,1
NATCHIQ,1
NATHLIE,1
NAVERA,1
NAXX,1
NAYLA,1
NAZ,1
NECA,1
NEEKO,1
NEESA,1
NEESHA,1
NELLY,1
NELSON,1
NESTLE,1
NEVE,1
NEVILLE,1
NEWBIE,1
NEWTOK,1
NEWTON,1
NICKY,1
NICOH,1
NICOLETTE,1
NICU,1
NIEKKO,1
NIFFLER,1
NIKA MARIE,1
NIKADEMUS,1
NIKI,1
NIKISKI,1
NIKKO,1
NILCHIK,1
NILLA,1
NILLA VANILL,1
NIMH,1
NINO,1
NISKA,1
NISMO,1
NITRO,1
NIXON,1
NOBLE,1
NOCHE,1
NOCTA,1
NOELANI,1
NOIR,1
NOOK,1
NOOKAH,1
NOOKIE,1
NOOSHKA,1
NOOT,1
NORI,1
NOVAK,1
NOVI,1
NOVO,1
NUBIS,1
NUGGETS,1
NUMBER 2,1
NUPSTE,1
NUSHKA,1
NYEA,1
NYKE,1
O'HENRY,1
OAXACA JOE,1
OBERON,1
OBIE,1
OCEAN,1
ODELL,1
ODERUS,1
ODO,1
ODY,1
ODYSSEUS,1
OH,1
OKAMI,1
OKSTUKOK,1
OLA,1
OLAUS,1
OLD PULTENEY,1
OLE,1
OLIVE OYL,1
OLLI,1
OMA,1
ONA,1
ONE,1
ONYA,1
OOKA,1
OOLJEE,1
OONA,1
OOSE,1
OOSHKA,1
OPTIMUS,1
OPTIMUSPRIME,1
OPUS,1
ORION,1
ORKA,1
ORLY,1
ORPHIE,1
ORSO NERO,1
ORSON,1
ORZO,1
OSLO,1
OSO,1
OTI,1
OTTER,1
OUTLAW,1
OZARK,1
PABSY,1
PACHA,1
PADDINGTON,1
PADMAE,1
PAGE,1
PAIGE,1
PALAGI,1
PALO,1
PALOOPA,1
PANCH,1
PANCHO,1
PANDA JACK,1
PANDORA,1
PANZER,1
PAPPY,1
PASHKA,1
PATERSON,1
PATRICK,1
PATRIOT,1
PATRON,1
PATSY CLINE,1
PATTI,1
PATTY,1
PATTY CAKES,1
PAX,1
PAXON,1
PAYSON,1
PAYTON,1
PAZZO,1
PEA,1
PEACH T,1
PEACHES ANNE,1
PEANUTS,1
PEARL SHEMYA,1
PEAT,1
PEDEY,1
PEEKABOO,1
PEEPS,1
PEGGY SUE,1
PELLY,1
PENNEY,1
PENNIE,1
PENNY LANE,1
PENNYWOLF,1
PEP,1
PEP FOX,1
PEPE,1
PEPE LE PEAU,1
PEPPER LOU,1
PEPPERMINT,1
PEPSI K-OZ,1
PEQUENO,1
PER,1
PERCEUS,1
PESTO,1
PETIE,1
PEYTON,1
PHANTOM,1
PHARAOH,1
PHARO,1
PHEDRA,1
PHEOBE,1
PHEONIX,1
PHIL,1
PHILLY,1
PHIN,1
PHINEAUS,1
PHINNEAS,1
PHISH,1
PI,1
PIA,1
PICARD,1
PICCO,1
PICKLE,1
PIERRE,1
PIGGY,1
PIKE,1
PINCIA,1
PINKY,1
PINT,1
PISTEN,1
PISTOL,1
PISTOL PETE,1
PJAY,1
PLACER,1
PLATO,1
PLAYA,1
PLAYER,1
PLINY,1
PLUM,1
PLUTO,1
PNUT,1
PO,1
POCA,1
POCA LUNA,1
POCHI,1
POCO,1
PODGE,1
POE,1
POET,1
POKER,1
POKEY,1
POKITZ,1
POKY,1
POLAR EXPRES,1
POLDI,1
POLU,1
POM POM,1
POMMY,1
PONG PONG,1
PONGO,1
PONO,1
PONYO,1
POOCHIE,1
POODLE,1
POOH,1
POOKAH,1
POOPER,1
POOPY,1
POPCORN,1
POPPET,1
POQUITO,1
PORK CHOP,1
PORKCHOP,1
POSEY,1
POSIEDON,1
POTATO,1
POTTER,1
POYKA,1
PRANCER,1
PREACHER,1
PRESLEY,1
PRETZEL,1
PRIMROSE,1
PRIN. KAMIRA,1
PRINCESS PEA,1
PRINCESS WIL,1
PRINGLE,1
PRISCILLA,1
PRO.FINBAR,1
PSYCH,1
PUAKO,1
PUDGE,1
PUERQUITO,1
PUFF,1
PUFFIN,1
PUGSLEY,1
PUGSY,1
PUHN-KIN,1
PUK PUY,1
PUKI,1
PUKU,1
PUMPKIN,1
PUNGO,1
PUNKIN,1
PUNKY,1
PUNZI,1
PURDY,1
PURPLE RAIN,1
PUYUQ,1
PUZON,1
PUZZLES,1
PW,1
QANTAS,1
QI,1
QIVLIQ,1
QUAGMIRE,1
QUARTZ,1
QUE,1
QUENN,1
QUESSI,1
QUIANA,1
QUICHE,1
QUIGLEY,1
QUIN,1
QUINCY,1
QUORRA,1
QUOY,1
QUOYLE,1
R2,1
RACHELL,1
RADO,1
RAEDO,1
RAGS,1
RAIDEN,1
RAIMY,1
RAIN,1
RAINA,1
RAINFLY,1
RAINY,1
RAIVO,1
RAJ,1
RALFIE,1
RALLY,1
RALPHY,1
RAMON,1
RAMPAGE,1
RAMSES,1
RANDALL,1
RANGITIKEI,1
RANSOM,1
RASHA,1
RASTUS,1
RAT DOG,1
RATCHET,1
RAVYN,1
RAWLEY,1
RAYANN,1
RAYME,1
RAYNIE MAE,1
RAZ,1
RAZEE,1
RAZOR,1
REAPER,1
RECCO,1
RECON,1
RED SKY,1
REDDY,1
REECES,1
REEFER,1
REESE,1
REGAL,1
REGAN,1
REGGEE,1
REIGN,1
REILEY,1
REILLY,1
REMMIE,1
REMMY,1
RENAE,1
RENI,1
RENJI,1
RENLEY,1
RENNY,1
REUBEN,1
REV,1
REXI,1
REXIE,1
RHAEGER,1
RHEA,1
RHEE,1
RHETT,1
RHINO,1
RHUBARB,1
RIA,1
RIBBON,1
RICKI,1
RICO,1
RICOO,1
RIDLEY,1
RIFLE,1
RIGGER,1
RIGLEY,1
RIKKU,1
RILEE,1
RILEY JUNE,1
RILEY TWO,1
RINCON,1
RIOCOCHET,1
RIPLEE,1
RIPLEY 2,1
RISKY,1
RITA,1
RITZ,1
RIVERS,1
RIVET,1
RIZZLE,1
ROANOKEE,1
ROARK,1
ROBBIE,1
ROBBIE JR,1
ROBIN HOOD,1
ROCCA,1
ROCK,1
ROCKI,1
ROCKSIE,1
ROCKY BLUE,1
ROCKY MT.,1
ROCKY ROAD,1
RODDY,1
RODEO,1
ROE,1
ROGAN,1
ROJI,1
ROKI,1
ROLAND,1
ROLLO,1
ROMAC,1
ROME,1
ROMEO GRAY,1
ROMMEL,1
RON,1
RONDO,1
RONDY,1
ROO!,1
ROONEY,1
ROOSTER,1
RORY,1
ROSA,1
ROSA MAXIE,1
ROSALINE,1
ROSCO P COLT,1
ROSEBUD,1
ROSEE,1
ROSHAIN,1
ROSIE DEE,1
ROSS,1
ROTOR,1
ROUSEY MAY,1
ROWZER,1
ROXANNE,1
ROXXY,1
ROXY NATASHA,1
ROY,1
ROYALTY BLUE,1
ROZSA,1
RUBEE,1
RUBEN,1
RUBERT (RUBY,1
RUBIO,1
RUBY DELICOU,1
RUBY ROSE,1
RUCA,1
RUCCA,1
RUCKEE,1
RUCKUS,1
RUDI,1
RUDOLPH,1
RUGBY,1
RUGER MATHE,1
RUGGER,1
RUHIG,1
RUKA,1
RULA,1
RUMMY,1
RUMOR,1
RUPAL,1
RUSSEL,1
RUSSO,1
RUSTLER,1
RUTH,1
RUTHIE,1
RYLEE,1
RYOGA,1
S,1
S'MORES,1
SABASTIAN,1
SABINE,1
SABRE,1
SABRINA,1
SACHI,1
SADIE GIRL,1
SADIE MAE,1
SAEDIE,1
SAFFRON,1
SAHARA,1
SAIDAH,1
SAILER,1
SAILISH,1
SAKA,1
SAKARI ESKA,1
SAKI,1
SAKO,1
SAKPIK,1
SAKURA,1
SALA,1
SALCHA,1
SAMARA,1
SAMBA,1
SAMBO,1
SAMI,1
SAMUAL,1
SAMUEL,1
SAMURAI,1
SANCHO,1
SANDI,1
SANDIA,1
SANDIE,1
SANDY GIRL,1
SANDY PALMER,1
SAPHIRE,1
SAPPHIRE,1
SARGENT,1
SASHA BEAR,1
SASKIA,1
SASSAFRAS,1
SASSENAUCH,1
SATCHMO,1
SATCHY,1
SATIVA,1
SATO,1
SAUL,1
SAUNTEE,1
SAY-D,1
SAYDEE,1
SCAMPY,1
SCARFACE,1
SCHATJE,1
SCHATZI,1
SCHATZY,1
SCHISM,1
SCHROEDER,1
SCHULER,1
SCOOBY DOO,1
SCOTCH,1
SCOTTIE,1
SCOUT P.,1
SCRAPS,1
SCRATCH,1
SCREAMER,1
SCRUFFERS,1
SEAMORE,1
SEBASTYN,1
SEDONA PIP,1
SEELEY,1
SEESAW,1
SEIJA,1
SEISMIC,1
SENECA,1
SENETORI,1
SERA,1
SERENA,1
SERGIO,1
SETH,1
SEVEN,1
SEVERAS,1
SEVETTA,1
SEXY,1
SHABLU,1
SHAELEIGH,1
SHAGGY,1
SHAHARA,1
SHAKA,1
SHAKIE,1
SHAKITA,1
SHAMBA,1
SHAMROCK,1
SHAMUS,1
SHANA,1
SHANNON,1
SHANOOK,1
SHAQ,1
SHAUNCEY,1
SHAWN,1
SHAWNI,1
SHEBAH BEAR,1
SHEEBAH,1
SHEEP,1
SHEILA,1
SHELL,1
SHEP,1
SHEPARD,1
SHERLOCK,1
SHERLOCK B,1
SHERON,1
SHIBA,1
SHILO,1
SHIPPO,1
SHIRLEY,1
SHOCKABRA,1
SHOESHINE,1
SHOSHANA,1
SHOTZIE,1
SHUFTI,1
SHYLO,1
SHYTIA,1
SIBELIUS,1
SIDNEY VIRDE,1
SIENNA,1
SIG,1
SIGNE,1
SIKU,1
SILKIE,1
SILO,1
SILSA,1
SILVER,1
SILVIE,1
SIMOND,1
SINATRA,1
SINJIN,1
SIR,1
SIR ARTHUR,1
SIR IVAN,1
SIR JAKE,1
SIR LANCELOT,1
SIR LOIN TIP,1
SIR OLIVER,1
SIREN,1
SIS,1
SISSY,1
SISTER,1
SITKA ROSE,1
SIVU,1
SJENA,1
SKA-DOO,1
SKADI,1
SKAGIT,1
SKAI,1
SKEEZ,1
SKEEZIX,1
SKI,1
SKIDOO,1
SKIMO,1
SKIPPER LEE,1
SKITTLES,1
SKITTLEZ,1
SKY BLUE,1
SKYWALKER,1
SLAPPY,1
SLEEPY,1
SMASH,1
SMAUG,1
SMEAGLE,1
SMIKE,1
SMOLTZ,1
SNICKERDOODL,1
SNIFFY,1
SNIFIT,1
SNIPER,1
SNO,1
SNOOKIE,1
SNOOPI,1
SNORRI,1
SNORT,1
SNORTICUS,1
SNOWEE,1
SNOWFLAKE,1
SNOWFLY,1
SNOWIE,1
SNUFFLES,1
SOAP,1
SOCKS,1
SOCRATES,1
SODA,1
SOFIA,1
SOKKA,1
SOLA,1
SOLDAT,1
SOLEIL,1
SOLOMON,1
SOMBRA,1
SONJA,1
SONNE,1
SONNIE,1
SONOMA,1
SONYA,1
SOOKIE,1
SOUJI,1
SOUNDER,1
SPAM,1
SPARKER,1
SPARKEY,1
SPARKLE,1
SPARKLES,1
SPARKS,1
SPARROW,1
SPARTACUS,1
SPARTICA,1
SPAZ,1
SPECIAL,1
SPECK,1
SPICEY,1
SPIDERMAN,1
SPINDLE,1
SPINK,1
SPINNAKKER,1
SPOOKY,1
SPORT,1
SPOTAN,1
SPREE,1
SPRINGER,1
SPRINGZ,1
SPRINKLES,1
SPUD,1
SPUDD,1
SPUDS,1
SPUNK,1
SPUR,1
SPYDER,1
SQUALL,1
SQUEEK,1
SQUIRM,1
SQUIRREL,1
STACEY,1
STACHE,1
STARBUCK,1
STARBURST,1
STARLA JEAN,1
STARSKY,1
STASH,1
STEELER,1
STEIN,1
STELLA BLUE,1
STERLING,1
STINSON,1
STITCHES,1
STONEY,1
STORMIE,1
STORMY JACK,1
STOUT,1
STRAW,1
STRIKER,1
STUARTLITTLE,1
STUBBY,1
STUMPY,1
SUBIE,1
SUBY,1
SUE,1
SUE-SUE,1
SUFJAN,1
SUGAR JOE,1
SUGARFOOT,1
SUKIE,1
SULLEY,1
SUMITT,1
SUMMER THYME,1
SUMMITT,1
SUNDANCE,1
SUNGA,1
SUSHI MAE,1
SUSIE Q,1
SUSIE Q II,1
SUSSI,1
SUSUKI,1
SUZIE Q,1
SUZY Q,1
SWAMPER,1
SWEENEY,1
SWEETIE PIE,1
SWEETNESS,1
SWIPER,1
SWIVEL,1
SWIVEL SHOT,1
SWYPER,1
SYDNEY MARIE,1
SYLVESTER,1
SYLVIE,1
SYNDEE SUE,1
SYSCO,1
T-DAWG,1
T. C.,1
T.REXI,1
TAC,1
TACKER,1
TACKLA,1
TACOMA,1
TAESHIA,1
TAFFY,1
TAITTI,1
TAJ,1
TAKA,1
TAKO,1
TAKOTNA,1
TAKU,1
TAKU DENALI,1
TALACHULITNA,1
TAMA,1
TAMAR,1
TAMARI,1
TAMI,1
TANA,1
TANGIE,1
TANNA,1
TARA,1
TARI,1
TARKUS,1
TARO,1
TASER,1
TASMAN,1
TASSIE,1
TATE,1
TATER TOT,1
TATIA,1
TATIYANNA,1
TAWNY,1
TAX,1
TAZZEE,1
TAZZIE,1
TAZZY,1
TEA,1
TEBOW,1
TECKLA,1
TED,1
TEDDI,1
TEDDI BEAR,1
TEDDY BEAR,1
TEDDY JAMES,1
TEDDY RUXPIN,1
TEDI BEAR,1
TEETE,1
TEINE,1
TEKAHN,1
TEKO,1
TEL DOR,1
TELENA,1
TEMBA,1
TEMP,1
TEN TEN,1
TENAKEE,1
TEQUILA,1
TESSIE,1
TESSY,1
TETRA,1
TETSUO,1
TEVA,1
TEX,1
TEXAS,1
THAEOBEO,1
THE DUDE,1
THEADORA,1
THESIOUS,1
THOMAS,1
THORE,1
THUNDER SALL,1
THUNDERBOLT,1
THUONG,1
TIBERIUS,1
TIBOR,1
TICANI,1
TICKLE,1
TICO,1
TIDBIT,1
TIGGY,1
TIKA,1
TIKAROSE,1
TIKI,1
TIKKI,1
TIKVA,1
TILA-TEQUILA,1
TILLER,1
TILT,1
TIMBA,1
TIMBRE,1
TIMMY,1
TIMO,1
TIMOTHY,1
TINGNOI,1
TINGTING,1
TINKA,1
TINKER,1
TINNIE,1
TIP,1
TIPPER,1
TIPPIE,1
TIPPY TOES,1
TISHKA,1
TOBIE,1
TOBY II,1
TOGIAK,1
TOGO,1
TOKEN,1
TOKI,1
TOKLAT,1
TOKO,1
TOKYO,1
TOLI,1
TONSINA,1
TONY,1
TOO TOO,1
TOOT,1
TOOTHLESS,1
TOOTS,1
TOPO,1
TOPPER,1
TORO,1
TORPEDO,1
TOSINA,1
TOVA,1
TOVIA,1
TOWELIE,1
TOYA,1
TRACKER,1
TRACY,1
TRANGO,1
TRAVELER,1
TREVOR,1
TREX,1
TREY,1
TRILEBOO,1
TRILLIAN,1
TRINKET,1
TRIP,1
TRISCUIT,1
TROUBLE TOO,1
TROUPER,1
TRUCK,1
TRUE,1
TRUFFLE,1
TRUFFLES,1
TRYGG,1
TSUNAMI,1
TUBS,1
TUCK,1
TUDOR,1
TUGBE,1
TUGG,1
TUGGER,1
TUHKA,1
TUI,1
TULA,1
TULI,1
TULIP,1
TULLA,1
TULLY,1
TULO,1
TUNDRA JADE,1
TUPIN,1
TURK,1
TURKEY,1
TURKIE,1
TURKISH,1
TUSKER,1
TUTSI,1
TUYUQ,1
TWINK,1
TWITTER,1
TWIX,1
TYCHO,1
TYDIS,1
TYGE,1
TYPHOID,1
TYTUS,1
UKIAH,1
UKIE,1
ULBRECHT,1
ULLA,1
ULLAR,1
ULLER,1
UMA,1
UN0,1
UNA,1
UNANG,1
UNIQUE,1
UNO,1
URSA,1
URSUS,1
USCHI,1
USZKA,1
VALENTINE,1
VALLEY,1
VANELLOPE,1
VAYDA,1
VELLA,1
VELMA,1
VENN,1
VENNY,1
VENTA GUMS,1
VERLIS,1
VERN,1
VESPA,1
VIC,1
VICTOR,1
VIDA,1
VIDA LOCA,1
VIGO,1
VINNY,1
VITO,1
VIVEE,1
VIVIAN,1
VLADIMIR,1
VOLTA,1
VOODOO,1
WABB,1
WALKER,1
WALLEY,1
WALNUT,1
WARLOCK,1
WASABI,1
WASH,1
WASHBURN,1
WAVERLY,1
WAYLON,1
WEASEL,1
WEATHERBY,1
WEDGE,1
WEEZER,1
WELLINGTON,1
WEMBLEY,1
WENDELL,1
WENDIGO,1
WESKER,1
WESLEY,1
WESSON,1
WESTWOOD,1
WHEELER,1
WHIMSY,1
WHINNIE,1
WHIRRLEY,1
WHISKERS,1
WHISKEY GIRL,1
WHISKEY JACK,1
WHITE BOY,1
WIGGLEBUTT,1
WILBUR,1
WILE E,1
WILE-E,1
WILEY COYOTE,1
WILHELMINA,1
WILL,1
WILLIAM WALL,1
WILLIWAW,1
WILLOU,1
WILLOW KAYA,1
WILMA,1
WIMBLY,1
WINDEE,1
WINNIFRED,1
WINSTON CHUR,1
WOLFE,1
WOOBY,1
WOODY BOUDRO,1
WOOF,1
WOOFERS,1
WOOKIE,1
WOOTER,1
WOOTIE,1
WRANGLER,1
WREN,1
WRILEY,1
WULA,1
WYLIE,1
WYNN,1
WYNNIE,1
X,1
XAADAS,1
XAN,1
XENA WOOD,1
XENIA,1
XERXES,1
XOCHITL,1
YAHTZEE,1
YAKONE,1
YANKLE,1
YETI,1
YIPPEE,1
YKSI,1
YMBER,1
YOGI BEAR,1
YOLI,1
YONKERS,1
YOZHKA,1
YSABEAU,1
YUGI,1
YUM YUM,1
YURI,1
YUUKO,1
ZACHARY,1
ZADIE,1
ZAHA,1
ZAMBI,1
ZAMBO,1
ZANE,1
ZARA,1
ZASHI,1
ZAYCA,1
ZAZEE,1
ZEB,1
ZEBO,1
ZEEKE,1
ZEENA,1
ZEEV,1
ZEEVA,1
ZEEVAH,1
ZEISHA,1
ZEN,1
ZEN-BOY,1
ZIESA,1
ZIGGS,1
ZIGI,1
ZIGMOND,1
ZILI,1
ZILLA,1
ZIMA,1
ZINA,1
ZINN,1
ZIP,1
ZIVA RANAE,1
ZOEY DAISY,1
ZOEY MARIE,1
ZOLA,1
ZONA,1
ZOOEY,1
ZOOIE,1
ZORO,1
ZORRA,1
ZOTTER,1
ZOYA,1
ZSA ZSA,1
ZSAZSA,1
ZUKA,1
ZUKO,1
ZUNI,1
ZURI,1
ZUZU,1
ZYLA DIXIE,1
